<NewDataSet>
  <xs:schema id="NewDataSet" xmlns="" xmlns:xs="http://www.w3.org/2001/XMLSchema" xmlns:msdata="urn:schemas-microsoft-com:xml-msdata" xmlns:msprop="urn:schemas-microsoft-com:xml-msprop">
    <xs:element name="NewDataSet" msdata:IsDataSet="true" msdata:UseCurrentLocale="true" msdata:IsReadOnly="False">
      <xs:complexType>
        <xs:choice minOccurs="0" maxOccurs="unbounded">
          <xs:element name="CMS_Culture" msprop:IsFromCMSDatabase="True" msprop:CMSHasExternalData="True">
            <xs:complexType>
              <xs:sequence>
                <xs:element name="CultureID" type="xs:int" minOccurs="0" />
                <xs:element name="CultureName" type="xs:string" minOccurs="0" />
                <xs:element name="CultureCode" type="xs:string" minOccurs="0" />
                <xs:element name="CultureShortName" type="xs:string" minOccurs="0" />
                <xs:element name="CultureGUID" msdata:DataType="System.Guid, mscorlib, Version=4.0.0.0, Culture=neutral, PublicKeyToken=b77a5c561934e089" type="xs:string" minOccurs="0" />
                <xs:element name="CultureLastModified" type="xs:dateTime" minOccurs="0" />
                <xs:element name="CultureIsUICulture" type="xs:boolean" minOccurs="0" />
              </xs:sequence>
            </xs:complexType>
          </xs:element>
        </xs:choice>
      </xs:complexType>
    </xs:element>
  </xs:schema>
  <CMS_Culture>
    <CultureID>1</CultureID>
    <CultureName>Afrikaans - South Africa</CultureName>
    <CultureCode>af-ZA</CultureCode>
    <CultureShortName>Afrikaans</CultureShortName>
    <CultureGUID>d34eb716-5cd2-456b-89d8-24d705762903</CultureGUID>
    <CultureLastModified>2017-03-03T13:19:27.8436434+01:00</CultureLastModified>
  </CMS_Culture>
  <CMS_Culture>
    <CultureID>2</CultureID>
    <CultureName>Albanian - Albania</CultureName>
    <CultureCode>sq-AL</CultureCode>
    <CultureShortName>Albanian</CultureShortName>
    <CultureGUID>40a7e7b9-a5e8-4dfa-babf-25eda3b9016d</CultureGUID>
    <CultureLastModified>2017-03-03T13:19:29.9852133+01:00</CultureLastModified>
  </CMS_Culture>
  <CMS_Culture>
    <CultureID>3</CultureID>
    <CultureName>Arabic - Algeria</CultureName>
    <CultureCode>ar-DZ</CultureCode>
    <CultureShortName>Arabic</CultureShortName>
    <CultureGUID>189c6063-1b5b-46f3-b72c-16daaf95c946</CultureGUID>
    <CultureLastModified>2017-03-03T13:19:27.9341883+01:00</CultureLastModified>
  </CMS_Culture>
  <CMS_Culture>
    <CultureID>4</CultureID>
    <CultureName>Arabic - Bahrain</CultureName>
    <CultureCode>ar-BH</CultureCode>
    <CultureShortName>Arabic</CultureShortName>
    <CultureGUID>f3f4a7c2-cc3b-4960-a1c0-1e85aadae3bd</CultureGUID>
    <CultureLastModified>2017-03-03T13:19:27.9140022+01:00</CultureLastModified>
  </CMS_Culture>
  <CMS_Culture>
    <CultureID>5</CultureID>
    <CultureName>Arabic - Egypt</CultureName>
    <CultureCode>ar-EG</CultureCode>
    <CultureShortName>Arabic</CultureShortName>
    <CultureGUID>83a0d5eb-1fed-4f1f-a9e6-e71e05a06158</CultureGUID>
    <CultureLastModified>2017-03-03T13:19:27.9535988+01:00</CultureLastModified>
  </CMS_Culture>
  <CMS_Culture>
    <CultureID>6</CultureID>
    <CultureName>Arabic - Iraq</CultureName>
    <CultureCode>ar-IQ</CultureCode>
    <CultureShortName>Arabic</CultureShortName>
    <CultureGUID>2222448d-5698-4a7b-a739-a59bb5ebcfce</CultureGUID>
    <CultureLastModified>2017-03-03T13:19:27.9707956+01:00</CultureLastModified>
  </CMS_Culture>
  <CMS_Culture>
    <CultureID>7</CultureID>
    <CultureName>Arabic - Jordan</CultureName>
    <CultureCode>ar-JO</CultureCode>
    <CultureShortName>Arabic</CultureShortName>
    <CultureGUID>e235e7e1-493d-4d2c-8839-bb65a1f6e04c</CultureGUID>
    <CultureLastModified>2017-03-03T13:19:27.989951+01:00</CultureLastModified>
  </CMS_Culture>
  <CMS_Culture>
    <CultureID>8</CultureID>
    <CultureName>Arabic - Kuwait</CultureName>
    <CultureCode>ar-KW</CultureCode>
    <CultureShortName>Arabic</CultureShortName>
    <CultureGUID>3338ac3a-5e26-4dbc-aa1d-4c0993788918</CultureGUID>
    <CultureLastModified>2017-03-03T13:19:28.0088992+01:00</CultureLastModified>
  </CMS_Culture>
  <CMS_Culture>
    <CultureID>9</CultureID>
    <CultureName>Arabic - Lebanon</CultureName>
    <CultureCode>ar-LB</CultureCode>
    <CultureShortName>Arabic</CultureShortName>
    <CultureGUID>3fe6fa38-65a7-427d-b75e-a6d28074869c</CultureGUID>
    <CultureLastModified>2017-03-03T13:19:28.028137+01:00</CultureLastModified>
  </CMS_Culture>
  <CMS_Culture>
    <CultureID>10</CultureID>
    <CultureName>Arabic - Libya</CultureName>
    <CultureCode>ar-LY</CultureCode>
    <CultureShortName>Arabic</CultureShortName>
    <CultureGUID>24477789-57f1-44ee-95dd-ea4da23a9397</CultureGUID>
    <CultureLastModified>2017-03-03T13:19:28.048842+01:00</CultureLastModified>
  </CMS_Culture>
  <CMS_Culture>
    <CultureID>11</CultureID>
    <CultureName>Arabic - Morocco</CultureName>
    <CultureCode>ar-MA</CultureCode>
    <CultureShortName>Arabic</CultureShortName>
    <CultureGUID>33ed20b5-7c66-46b9-b101-913e32dfab17</CultureGUID>
    <CultureLastModified>2017-03-03T13:19:28.0677444+01:00</CultureLastModified>
  </CMS_Culture>
  <CMS_Culture>
    <CultureID>12</CultureID>
    <CultureName>Arabic - Oman</CultureName>
    <CultureCode>ar-OM</CultureCode>
    <CultureShortName>Arabic</CultureShortName>
    <CultureGUID>cd117836-c38b-4541-bc95-ab408ac434a6</CultureGUID>
    <CultureLastModified>2017-03-03T13:19:28.0848949+01:00</CultureLastModified>
  </CMS_Culture>
  <CMS_Culture>
    <CultureID>13</CultureID>
    <CultureName>Arabic - Qatar</CultureName>
    <CultureCode>ar-QA</CultureCode>
    <CultureShortName>Arabic</CultureShortName>
    <CultureGUID>e600d69f-daa3-485d-8edb-1c165263974a</CultureGUID>
    <CultureLastModified>2017-03-03T13:19:28.1060695+01:00</CultureLastModified>
  </CMS_Culture>
  <CMS_Culture>
    <CultureID>14</CultureID>
    <CultureName>Arabic - Saudi Arabia</CultureName>
    <CultureCode>ar-SA</CultureCode>
    <CultureShortName>Arabic</CultureShortName>
    <CultureGUID>9ded8700-0240-4cd8-a88e-b186b62e0d34</CultureGUID>
    <CultureLastModified>2017-03-03T13:19:28.1230741+01:00</CultureLastModified>
  </CMS_Culture>
  <CMS_Culture>
    <CultureID>15</CultureID>
    <CultureName>Arabic - Syria</CultureName>
    <CultureCode>ar-SY</CultureCode>
    <CultureShortName>Arabic</CultureShortName>
    <CultureGUID>3bf7b670-d0e6-4c97-9888-0100fa42d09e</CultureGUID>
    <CultureLastModified>2017-03-03T13:19:28.1510272+01:00</CultureLastModified>
  </CMS_Culture>
  <CMS_Culture>
    <CultureID>16</CultureID>
    <CultureName>Arabic - Tunisia</CultureName>
    <CultureCode>ar-TN</CultureCode>
    <CultureShortName>Arabic</CultureShortName>
    <CultureGUID>66b92478-404f-4d07-b0b4-7237fe3a5beb</CultureGUID>
    <CultureLastModified>2017-03-03T13:19:28.1686414+01:00</CultureLastModified>
  </CMS_Culture>
  <CMS_Culture>
    <CultureID>17</CultureID>
    <CultureName>Arabic - United Arab Emirates</CultureName>
    <CultureCode>ar-AE</CultureCode>
    <CultureShortName>Arabic</CultureShortName>
    <CultureGUID>e71cdc9c-5630-46da-b15b-ffa24491d657</CultureGUID>
    <CultureLastModified>2017-03-03T13:19:27.8973758+01:00</CultureLastModified>
  </CMS_Culture>
  <CMS_Culture>
    <CultureID>18</CultureID>
    <CultureName>Arabic - Yemen</CultureName>
    <CultureCode>ar-YE</CultureCode>
    <CultureShortName>Arabic</CultureShortName>
    <CultureGUID>c230fa1c-2741-429c-b219-2fa4bbbb3352</CultureGUID>
    <CultureLastModified>2017-03-03T13:19:28.1862296+01:00</CultureLastModified>
  </CMS_Culture>
  <CMS_Culture>
    <CultureID>19</CultureID>
    <CultureName>Armenian - Armenia</CultureName>
    <CultureCode>hy-AM</CultureCode>
    <CultureShortName>Armenian</CultureShortName>
    <CultureGUID>0595139f-fee6-41f4-a33b-b449bc1ad2af</CultureGUID>
    <CultureLastModified>2017-03-03T13:19:29.3831585+01:00</CultureLastModified>
  </CMS_Culture>
  <CMS_Culture>
    <CultureID>143</CultureID>
    <CultureName>Azeri - Azerbaijan, Cyrillic</CultureName>
    <CultureCode>az-Cyrl-AZ</CultureCode>
    <CultureShortName>Azeri</CultureShortName>
    <CultureGUID>b99ad3b4-7050-4b1a-9ef9-07f84cd08bc9</CultureGUID>
    <CultureLastModified>2017-03-03T13:19:28.2045423+01:00</CultureLastModified>
  </CMS_Culture>
  <CMS_Culture>
    <CultureID>144</CultureID>
    <CultureName>Azeri - Azerbaijan, Latin</CultureName>
    <CultureCode>az-Latn-AZ</CultureCode>
    <CultureShortName>Azeri</CultureShortName>
    <CultureGUID>14317a72-a7f7-4925-986f-d813ac778afa</CultureGUID>
    <CultureLastModified>2017-03-03T13:19:28.221842+01:00</CultureLastModified>
  </CMS_Culture>
  <CMS_Culture>
    <CultureID>22</CultureID>
    <CultureName>Basque - Basque</CultureName>
    <CultureCode>eu-ES</CultureCode>
    <CultureShortName>Basque</CultureShortName>
    <CultureGUID>4c95ab57-3b5c-48c0-9109-97ccd0b0852b</CultureGUID>
    <CultureLastModified>2017-03-03T13:19:29.1075299+01:00</CultureLastModified>
  </CMS_Culture>
  <CMS_Culture>
    <CultureID>23</CultureID>
    <CultureName>Belarusian - Belarus</CultureName>
    <CultureCode>be-BY</CultureCode>
    <CultureShortName>Belarusian</CultureShortName>
    <CultureGUID>0b661f90-dfee-41be-b71a-c23379e66b20</CultureGUID>
    <CultureLastModified>2017-03-03T13:19:28.239516+01:00</CultureLastModified>
  </CMS_Culture>
  <CMS_Culture>
    <CultureID>24</CultureID>
    <CultureName>Bulgarian - Bulgaria</CultureName>
    <CultureCode>bg-BG</CultureCode>
    <CultureShortName>Bulgarian</CultureShortName>
    <CultureGUID>83622d0a-44d5-4333-b100-3ea2810f9b86</CultureGUID>
    <CultureLastModified>2017-03-03T13:19:28.2568698+01:00</CultureLastModified>
  </CMS_Culture>
  <CMS_Culture>
    <CultureID>25</CultureID>
    <CultureName>Catalan - Catalan</CultureName>
    <CultureCode>ca-ES</CultureCode>
    <CultureShortName>Catalan</CultureShortName>
    <CultureGUID>46b4c4a8-af8a-4b88-99c7-297ea90cb709</CultureGUID>
    <CultureLastModified>2017-03-03T13:19:28.2776147+01:00</CultureLastModified>
  </CMS_Culture>
  <CMS_Culture>
    <CultureID>28</CultureID>
    <CultureName>Chinese - China</CultureName>
    <CultureCode>zh-CN</CultureCode>
    <CultureShortName>Chinese</CultureShortName>
    <CultureGUID>d6837ed3-0dfb-473e-b4b1-da1da0ceaf2b</CultureGUID>
    <CultureLastModified>2017-03-03T13:19:30.313404+01:00</CultureLastModified>
  </CMS_Culture>
  <CMS_Culture>
    <CultureID>26</CultureID>
    <CultureName>Chinese - Hong Kong SAR</CultureName>
    <CultureCode>zh-HK</CultureCode>
    <CultureShortName>Chinese</CultureShortName>
    <CultureGUID>595eb5e9-70e3-4856-aab5-0cad403bc4af</CultureGUID>
    <CultureLastModified>2017-03-03T13:19:30.3303141+01:00</CultureLastModified>
  </CMS_Culture>
  <CMS_Culture>
    <CultureID>27</CultureID>
    <CultureName>Chinese - Macau SAR</CultureName>
    <CultureCode>zh-MO</CultureCode>
    <CultureShortName>Chinese</CultureShortName>
    <CultureGUID>76a27ad4-cae0-4674-b96d-5baa538bad6c</CultureGUID>
    <CultureLastModified>2017-03-03T13:19:30.3471466+01:00</CultureLastModified>
  </CMS_Culture>
  <CMS_Culture>
    <CultureID>30</CultureID>
    <CultureName>Chinese - Singapore</CultureName>
    <CultureCode>zh-SG</CultureCode>
    <CultureShortName>Chinese</CultureShortName>
    <CultureGUID>17abe309-8af9-492d-9aa6-21f5b7469b10</CultureGUID>
    <CultureLastModified>2017-03-03T13:19:30.3626872+01:00</CultureLastModified>
  </CMS_Culture>
  <CMS_Culture>
    <CultureID>31</CultureID>
    <CultureName>Chinese - Taiwan</CultureName>
    <CultureCode>zh-TW</CultureCode>
    <CultureShortName>Chinese</CultureShortName>
    <CultureGUID>d30be019-8be4-417e-af6d-663324624808</CultureGUID>
    <CultureLastModified>2017-03-03T13:19:30.3789604+01:00</CultureLastModified>
  </CMS_Culture>
  <CMS_Culture>
    <CultureID>33</CultureID>
    <CultureName>Croatian - Croatia</CultureName>
    <CultureCode>hr-HR</CultureCode>
    <CultureShortName>Croatian</CultureShortName>
    <CultureGUID>b908dde2-97b0-4f10-b5e5-9b8d66ac4517</CultureGUID>
    <CultureLastModified>2017-03-03T13:19:29.3495168+01:00</CultureLastModified>
  </CMS_Culture>
  <CMS_Culture>
    <CultureID>34</CultureID>
    <CultureName>Czech - Czech Republic</CultureName>
    <CultureCode>cs-CZ</CultureCode>
    <CultureShortName>Czech</CultureShortName>
    <CultureGUID>ed4b2575-8e1a-4817-9d16-ae48d51e6a5d</CultureGUID>
    <CultureLastModified>2017-03-03T13:19:28.3061161+01:00</CultureLastModified>
  </CMS_Culture>
  <CMS_Culture>
    <CultureID>35</CultureID>
    <CultureName>Danish - Denmark</CultureName>
    <CultureCode>da-DK</CultureCode>
    <CultureShortName>Danish</CultureShortName>
    <CultureGUID>9cb5c324-c73c-4250-b2dd-f14d669aee22</CultureGUID>
    <CultureLastModified>2017-03-03T13:19:28.3351213+01:00</CultureLastModified>
  </CMS_Culture>
  <CMS_Culture>
    <CultureID>37</CultureID>
    <CultureName>Dutch - Belgium</CultureName>
    <CultureCode>nl-BE</CultureCode>
    <CultureShortName>Dutch</CultureShortName>
    <CultureGUID>5660bc8f-4d08-4ad0-a74f-26ab9ede254b</CultureGUID>
    <CultureLastModified>2017-03-03T13:19:29.7733903+01:00</CultureLastModified>
  </CMS_Culture>
  <CMS_Culture>
    <CultureID>38</CultureID>
    <CultureName>Dutch - The Netherlands</CultureName>
    <CultureCode>nl-NL</CultureCode>
    <CultureShortName>Dutch</CultureShortName>
    <CultureGUID>ce9dc565-211c-429d-802e-9861dacfed3b</CultureGUID>
    <CultureLastModified>2017-03-03T13:19:29.790446+01:00</CultureLastModified>
  </CMS_Culture>
  <CMS_Culture>
    <CultureID>39</CultureID>
    <CultureName>English - Australia</CultureName>
    <CultureCode>en-AU</CultureCode>
    <CultureShortName>English</CultureShortName>
    <CultureGUID>56872227-9b0f-46f9-8373-c61a9db00cc5</CultureGUID>
    <CultureLastModified>2017-03-03T13:19:28.50925+01:00</CultureLastModified>
  </CMS_Culture>
  <CMS_Culture>
    <CultureID>40</CultureID>
    <CultureName>English - Belize</CultureName>
    <CultureCode>en-BZ</CultureCode>
    <CultureShortName>English</CultureShortName>
    <CultureGUID>a8a73cde-3e54-46fa-aabf-b796b457adf3</CultureGUID>
    <CultureLastModified>2017-03-03T13:19:28.5262138+01:00</CultureLastModified>
  </CMS_Culture>
  <CMS_Culture>
    <CultureID>41</CultureID>
    <CultureName>English - Canada</CultureName>
    <CultureCode>en-CA</CultureCode>
    <CultureShortName>English</CultureShortName>
    <CultureGUID>89c7f196-7016-44cb-be5d-e5b64f62e5ee</CultureGUID>
    <CultureLastModified>2017-03-03T13:19:28.5434128+01:00</CultureLastModified>
  </CMS_Culture>
  <CMS_Culture>
    <CultureID>137</CultureID>
    <CultureName>English - Caribbean</CultureName>
    <CultureCode>en-029</CultureCode>
    <CultureShortName>English</CultureShortName>
    <CultureGUID>19ce9ccf-2190-4b5f-a4c4-e5a168d5f601</CultureGUID>
    <CultureLastModified>2017-03-03T13:19:28.491829+01:00</CultureLastModified>
  </CMS_Culture>
  <CMS_Culture>
    <CultureID>43</CultureID>
    <CultureName>English - Ireland</CultureName>
    <CultureCode>en-IE</CultureCode>
    <CultureShortName>English</CultureShortName>
    <CultureGUID>e9e0c4df-8af1-46fa-876f-69eb2d6bf3a9</CultureGUID>
    <CultureLastModified>2017-03-03T13:19:28.5796563+01:00</CultureLastModified>
  </CMS_Culture>
  <CMS_Culture>
    <CultureID>44</CultureID>
    <CultureName>English - Jamaica</CultureName>
    <CultureCode>en-JM</CultureCode>
    <CultureShortName>English</CultureShortName>
    <CultureGUID>78192083-4669-44b2-ad55-43b2953f539f</CultureGUID>
    <CultureLastModified>2017-03-03T13:19:28.5960054+01:00</CultureLastModified>
  </CMS_Culture>
  <CMS_Culture>
    <CultureID>45</CultureID>
    <CultureName>English - New Zealand</CultureName>
    <CultureCode>en-NZ</CultureCode>
    <CultureShortName>English</CultureShortName>
    <CultureGUID>3292d8af-9342-46bd-989c-e583d2f92f70</CultureGUID>
    <CultureLastModified>2017-03-03T13:19:28.6158651+01:00</CultureLastModified>
  </CMS_Culture>
  <CMS_Culture>
    <CultureID>46</CultureID>
    <CultureName>English - Philippines</CultureName>
    <CultureCode>en-PH</CultureCode>
    <CultureShortName>English</CultureShortName>
    <CultureGUID>e003186a-312b-4103-8b4d-ad1be2e47ecb</CultureGUID>
    <CultureLastModified>2017-03-03T13:19:28.6329599+01:00</CultureLastModified>
  </CMS_Culture>
  <CMS_Culture>
    <CultureID>47</CultureID>
    <CultureName>English - South Africa</CultureName>
    <CultureCode>en-ZA</CultureCode>
    <CultureShortName>English</CultureShortName>
    <CultureGUID>8b4beca1-0253-46dd-88dd-4f2bb080cf6e</CultureGUID>
    <CultureLastModified>2017-03-03T13:19:28.6866609+01:00</CultureLastModified>
  </CMS_Culture>
  <CMS_Culture>
    <CultureID>48</CultureID>
    <CultureName>English - Trinidad and Tobago</CultureName>
    <CultureCode>en-TT</CultureCode>
    <CultureShortName>English</CultureShortName>
    <CultureGUID>07831a05-e583-417a-8500-c2a9703c37b9</CultureGUID>
    <CultureLastModified>2017-03-03T13:19:28.6544644+01:00</CultureLastModified>
  </CMS_Culture>
  <CMS_Culture>
    <CultureID>49</CultureID>
    <CultureName>English - United Kingdom</CultureName>
    <CultureCode>en-GB</CultureCode>
    <CultureShortName>English</CultureShortName>
    <CultureGUID>6f39c406-b77d-45c9-b508-f5ec82efbbd4</CultureGUID>
    <CultureLastModified>2017-03-03T13:19:28.5603725+01:00</CultureLastModified>
  </CMS_Culture>
  <CMS_Culture>
    <CultureID>50</CultureID>
    <CultureName>English - United States</CultureName>
    <CultureCode>en-US</CultureCode>
    <CultureShortName>English</CultureShortName>
    <CultureGUID>4c98fdfa-841b-431e-9bc8-9fc80800ee45</CultureGUID>
    <CultureLastModified>2018-09-24T09:25:28.0027113+02:00</CultureLastModified>
    <CultureIsUICulture>true</CultureIsUICulture>
  </CMS_Culture>
  <CMS_Culture>
    <CultureID>51</CultureID>
    <CultureName>English - Zimbabwe</CultureName>
    <CultureCode>en-ZW</CultureCode>
    <CultureShortName>English</CultureShortName>
    <CultureGUID>ff4190a4-9d00-4121-8afd-acceb0fbfcec</CultureGUID>
    <CultureLastModified>2017-03-03T13:19:28.7072254+01:00</CultureLastModified>
  </CMS_Culture>
  <CMS_Culture>
    <CultureID>52</CultureID>
    <CultureName>Estonian - Estonia</CultureName>
    <CultureCode>et-EE</CultureCode>
    <CultureShortName>Estonian</CultureShortName>
    <CultureGUID>cd7939ad-2b54-4393-acfa-166fc9124907</CultureGUID>
    <CultureLastModified>2017-03-03T13:19:29.0871363+01:00</CultureLastModified>
  </CMS_Culture>
  <CMS_Culture>
    <CultureID>53</CultureID>
    <CultureName>Faroese - Faroe Islands</CultureName>
    <CultureCode>fo-FO</CultureCode>
    <CultureShortName>Faroese</CultureShortName>
    <CultureGUID>4deebca4-7676-4a39-b6c6-dace55bf2d81</CultureGUID>
    <CultureLastModified>2017-03-03T13:19:29.1561398+01:00</CultureLastModified>
  </CMS_Culture>
  <CMS_Culture>
    <CultureID>54</CultureID>
    <CultureName>Farsi - Iran</CultureName>
    <CultureCode>fa-IR</CultureCode>
    <CultureShortName>Farsi</CultureShortName>
    <CultureGUID>d0c1b060-c0aa-4f2b-9c35-d60d44ead6f0</CultureGUID>
    <CultureLastModified>2017-03-03T13:19:29.1238346+01:00</CultureLastModified>
  </CMS_Culture>
  <CMS_Culture>
    <CultureID>55</CultureID>
    <CultureName>Finnish - Finland</CultureName>
    <CultureCode>fi-FI</CultureCode>
    <CultureShortName>Finnish</CultureShortName>
    <CultureGUID>64f949df-a321-461f-a739-526034597c10</CultureGUID>
    <CultureLastModified>2017-03-03T13:19:29.1398788+01:00</CultureLastModified>
  </CMS_Culture>
  <CMS_Culture>
    <CultureID>56</CultureID>
    <CultureName>French - Belgium</CultureName>
    <CultureCode>fr-BE</CultureCode>
    <CultureShortName>French</CultureShortName>
    <CultureGUID>bef49272-4f6d-4745-a601-8b6d9a4016b4</CultureGUID>
    <CultureLastModified>2017-03-03T13:19:29.1732414+01:00</CultureLastModified>
  </CMS_Culture>
  <CMS_Culture>
    <CultureID>57</CultureID>
    <CultureName>French - Canada</CultureName>
    <CultureCode>fr-CA</CultureCode>
    <CultureShortName>French</CultureShortName>
    <CultureGUID>b76316b4-ae89-48bc-9849-c6606799ad82</CultureGUID>
    <CultureLastModified>2017-03-03T13:19:29.188686+01:00</CultureLastModified>
  </CMS_Culture>
  <CMS_Culture>
    <CultureID>58</CultureID>
    <CultureName>French - France</CultureName>
    <CultureCode>fr-FR</CultureCode>
    <CultureShortName>French</CultureShortName>
    <CultureGUID>2cab320d-3775-4920-92b9-9a8229f1389d</CultureGUID>
    <CultureLastModified>2017-03-03T13:19:29.2233801+01:00</CultureLastModified>
  </CMS_Culture>
  <CMS_Culture>
    <CultureID>59</CultureID>
    <CultureName>French - Luxembourg</CultureName>
    <CultureCode>fr-LU</CultureCode>
    <CultureShortName>French</CultureShortName>
    <CultureGUID>386d7872-2876-4a4b-9866-c95f7e5d624e</CultureGUID>
    <CultureLastModified>2017-03-03T13:19:29.2414165+01:00</CultureLastModified>
  </CMS_Culture>
  <CMS_Culture>
    <CultureID>60</CultureID>
    <CultureName>French - Monaco</CultureName>
    <CultureCode>fr-MC</CultureCode>
    <CultureShortName>French</CultureShortName>
    <CultureGUID>1f053c06-f07d-4a1d-ba65-8023b3b8d645</CultureGUID>
    <CultureLastModified>2017-03-03T13:19:29.2574152+01:00</CultureLastModified>
  </CMS_Culture>
  <CMS_Culture>
    <CultureID>61</CultureID>
    <CultureName>French - Switzerland</CultureName>
    <CultureCode>fr-CH</CultureCode>
    <CultureShortName>French</CultureShortName>
    <CultureGUID>dac9b0cf-d11d-40e7-9fb5-b6d345883bd5</CultureGUID>
    <CultureLastModified>2017-03-03T13:19:29.2066852+01:00</CultureLastModified>
  </CMS_Culture>
  <CMS_Culture>
    <CultureID>62</CultureID>
    <CultureName>Galician - Galician</CultureName>
    <CultureCode>gl-ES</CultureCode>
    <CultureShortName>Galician</CultureShortName>
    <CultureGUID>abd146d2-0365-43db-9a49-bedef8cf8475</CultureGUID>
    <CultureLastModified>2017-03-03T13:19:29.2735522+01:00</CultureLastModified>
  </CMS_Culture>
  <CMS_Culture>
    <CultureID>63</CultureID>
    <CultureName>Georgian - Georgia</CultureName>
    <CultureCode>ka-GE</CultureCode>
    <CultureShortName>Georgian</CultureShortName>
    <CultureGUID>f77fbdae-5598-4168-a24b-ae57a4fd0191</CultureGUID>
    <CultureLastModified>2017-03-03T13:19:29.5056579+01:00</CultureLastModified>
  </CMS_Culture>
  <CMS_Culture>
    <CultureID>64</CultureID>
    <CultureName>German - Austria</CultureName>
    <CultureCode>de-AT</CultureCode>
    <CultureShortName>German</CultureShortName>
    <CultureGUID>2f41749a-264c-4241-aaf5-8db7065114d5</CultureGUID>
    <CultureLastModified>2017-03-03T13:19:28.3671226+01:00</CultureLastModified>
  </CMS_Culture>
  <CMS_Culture>
    <CultureID>65</CultureID>
    <CultureName>German - Germany</CultureName>
    <CultureCode>de-DE</CultureCode>
    <CultureShortName>German</CultureShortName>
    <CultureGUID>4e6d11fb-7a4f-447a-bf96-fb715a3d968b</CultureGUID>
    <CultureLastModified>2017-03-03T13:19:28.4183161+01:00</CultureLastModified>
  </CMS_Culture>
  <CMS_Culture>
    <CultureID>66</CultureID>
    <CultureName>German - Liechtenstein</CultureName>
    <CultureCode>de-LI</CultureCode>
    <CultureShortName>German</CultureShortName>
    <CultureGUID>da3ddb7d-548c-47c5-8737-4a1e20e657b5</CultureGUID>
    <CultureLastModified>2017-03-03T13:19:28.436691+01:00</CultureLastModified>
  </CMS_Culture>
  <CMS_Culture>
    <CultureID>67</CultureID>
    <CultureName>German - Luxembourg</CultureName>
    <CultureCode>de-LU</CultureCode>
    <CultureShortName>German</CultureShortName>
    <CultureGUID>668e7050-e689-4375-a922-07829facf4b7</CultureGUID>
    <CultureLastModified>2017-03-03T13:19:28.4554744+01:00</CultureLastModified>
  </CMS_Culture>
  <CMS_Culture>
    <CultureID>68</CultureID>
    <CultureName>German - Switzerland</CultureName>
    <CultureCode>de-CH</CultureCode>
    <CultureShortName>German</CultureShortName>
    <CultureGUID>ca69a84c-385c-40e4-90f9-61a90e32b778</CultureGUID>
    <CultureLastModified>2017-03-03T13:19:28.4010797+01:00</CultureLastModified>
  </CMS_Culture>
  <CMS_Culture>
    <CultureID>69</CultureID>
    <CultureName>Greek - Greece</CultureName>
    <CultureCode>el-GR</CultureCode>
    <CultureShortName>Greek</CultureShortName>
    <CultureGUID>88210e79-f3b0-408e-9220-b2f86fbfe4c7</CultureGUID>
    <CultureLastModified>2017-03-03T13:19:28.4712136+01:00</CultureLastModified>
  </CMS_Culture>
  <CMS_Culture>
    <CultureID>70</CultureID>
    <CultureName>Gujarati - India</CultureName>
    <CultureCode>gu-IN</CultureCode>
    <CultureShortName>Gujarati</CultureShortName>
    <CultureGUID>8dcfbf1c-2df9-434b-8102-0cdb9a498360</CultureGUID>
    <CultureLastModified>2017-03-03T13:19:29.291422+01:00</CultureLastModified>
  </CMS_Culture>
  <CMS_Culture>
    <CultureID>71</CultureID>
    <CultureName>Hebrew - Israel</CultureName>
    <CultureCode>he-IL</CultureCode>
    <CultureShortName>Hebrew</CultureShortName>
    <CultureGUID>45679176-dee3-4bd9-8d98-a414431de770</CultureGUID>
    <CultureLastModified>2017-03-03T13:19:29.3118771+01:00</CultureLastModified>
  </CMS_Culture>
  <CMS_Culture>
    <CultureID>72</CultureID>
    <CultureName>Hindi - India</CultureName>
    <CultureCode>hi-IN</CultureCode>
    <CultureShortName>Hindi</CultureShortName>
    <CultureGUID>7a5721a8-c549-4bf8-871d-26ddee24c44f</CultureGUID>
    <CultureLastModified>2017-03-03T13:19:29.3315195+01:00</CultureLastModified>
  </CMS_Culture>
  <CMS_Culture>
    <CultureID>73</CultureID>
    <CultureName>Hungarian - Hungary</CultureName>
    <CultureCode>hu-HU</CultureCode>
    <CultureShortName>Hungarian</CultureShortName>
    <CultureGUID>f8d8a91d-16a8-4521-bdc8-9fb147c9fc77</CultureGUID>
    <CultureLastModified>2017-03-03T13:19:29.3654765+01:00</CultureLastModified>
  </CMS_Culture>
  <CMS_Culture>
    <CultureID>74</CultureID>
    <CultureName>Icelandic - Iceland</CultureName>
    <CultureCode>is-IS</CultureCode>
    <CultureShortName>Icelandic</CultureShortName>
    <CultureGUID>ff32c289-e50e-4c52-8875-261801622aa3</CultureGUID>
    <CultureLastModified>2017-03-03T13:19:29.4225842+01:00</CultureLastModified>
  </CMS_Culture>
  <CMS_Culture>
    <CultureID>75</CultureID>
    <CultureName>Indonesian - Indonesia</CultureName>
    <CultureCode>id-ID</CultureCode>
    <CultureShortName>Indonesian</CultureShortName>
    <CultureGUID>040569c9-0972-49b4-a999-3a59c807b76a</CultureGUID>
    <CultureLastModified>2017-03-03T13:19:29.4023918+01:00</CultureLastModified>
  </CMS_Culture>
  <CMS_Culture>
    <CultureID>76</CultureID>
    <CultureName>Italian - Italy</CultureName>
    <CultureCode>it-IT</CultureCode>
    <CultureShortName>Italian</CultureShortName>
    <CultureGUID>803ed578-e5c5-443b-8ae2-7100c0f3e0e0</CultureGUID>
    <CultureLastModified>2017-03-03T13:19:29.462512+01:00</CultureLastModified>
  </CMS_Culture>
  <CMS_Culture>
    <CultureID>77</CultureID>
    <CultureName>Italian - Switzerland</CultureName>
    <CultureCode>it-CH</CultureCode>
    <CultureShortName>Italian</CultureShortName>
    <CultureGUID>31a1334a-cc02-4271-a8ea-02648c4d9d7a</CultureGUID>
    <CultureLastModified>2017-03-03T13:19:29.4425429+01:00</CultureLastModified>
  </CMS_Culture>
  <CMS_Culture>
    <CultureID>78</CultureID>
    <CultureName>Japanese - Japan</CultureName>
    <CultureCode>ja-JP</CultureCode>
    <CultureShortName>Japanese</CultureShortName>
    <CultureGUID>c7547f14-6708-44dd-9e8a-724200ab6d78</CultureGUID>
    <CultureLastModified>2017-03-03T13:19:29.4879825+01:00</CultureLastModified>
  </CMS_Culture>
  <CMS_Culture>
    <CultureID>79</CultureID>
    <CultureName>Kannada - India</CultureName>
    <CultureCode>kn-IN</CultureCode>
    <CultureShortName>Kannada</CultureShortName>
    <CultureGUID>d5bf91e3-30cc-454a-ba78-e3a102166d29</CultureGUID>
    <CultureLastModified>2017-03-03T13:19:29.5390969+01:00</CultureLastModified>
  </CMS_Culture>
  <CMS_Culture>
    <CultureID>80</CultureID>
    <CultureName>Kazakh - Kazakhstan</CultureName>
    <CultureCode>kk-KZ</CultureCode>
    <CultureShortName>Kazakh</CultureShortName>
    <CultureGUID>93882ee1-ec7e-4d9e-bcb1-e353ef22cc74</CultureGUID>
    <CultureLastModified>2017-03-03T13:19:29.5217966+01:00</CultureLastModified>
  </CMS_Culture>
  <CMS_Culture>
    <CultureID>81</CultureID>
    <CultureName>Konkani - India</CultureName>
    <CultureCode>kok-IN</CultureCode>
    <CultureShortName>Konkani</CultureShortName>
    <CultureGUID>ce11314b-ca6e-4e3d-b6d7-7b544737a638</CultureGUID>
    <CultureLastModified>2017-03-03T13:19:29.6010199+01:00</CultureLastModified>
  </CMS_Culture>
  <CMS_Culture>
    <CultureID>82</CultureID>
    <CultureName>Korean - Korea</CultureName>
    <CultureCode>ko-KR</CultureCode>
    <CultureShortName>Korean</CultureShortName>
    <CultureGUID>02bfbb34-c268-4bbf-a99e-d77aed379ffc</CultureGUID>
    <CultureLastModified>2017-03-03T13:19:29.5646086+01:00</CultureLastModified>
  </CMS_Culture>
  <CMS_Culture>
    <CultureID>138</CultureID>
    <CultureName>Kyrgyz - Kyrgyzstan</CultureName>
    <CultureCode>ky-KG</CultureCode>
    <CultureShortName>Kyrgyz</CultureShortName>
    <CultureGUID>a3a6c887-1a99-4f55-b6ee-82c82cef1364</CultureGUID>
    <CultureLastModified>2017-03-03T13:19:29.6166292+01:00</CultureLastModified>
  </CMS_Culture>
  <CMS_Culture>
    <CultureID>84</CultureID>
    <CultureName>Latvian - Latvia</CultureName>
    <CultureCode>lv-LV</CultureCode>
    <CultureShortName>Latvian</CultureShortName>
    <CultureGUID>9edb6df5-1b19-45d9-bc50-0fdaff84f2f1</CultureGUID>
    <CultureLastModified>2017-03-03T13:19:29.6533717+01:00</CultureLastModified>
  </CMS_Culture>
  <CMS_Culture>
    <CultureID>85</CultureID>
    <CultureName>Lithuanian - Lithuania</CultureName>
    <CultureCode>lt-LT</CultureCode>
    <CultureShortName>Lithuanian</CultureShortName>
    <CultureGUID>588141de-efdc-46d4-9a51-b8e9fd20c656</CultureGUID>
    <CultureLastModified>2017-03-03T13:19:29.6370928+01:00</CultureLastModified>
  </CMS_Culture>
  <CMS_Culture>
    <CultureID>86</CultureID>
    <CultureName>Macedonian - FYROM</CultureName>
    <CultureCode>mk-MK</CultureCode>
    <CultureShortName>Macedonian</CultureShortName>
    <CultureGUID>90f8eeea-9972-4c38-b437-5ce51f636e4b</CultureGUID>
    <CultureLastModified>2017-03-03T13:19:29.6687833+01:00</CultureLastModified>
  </CMS_Culture>
  <CMS_Culture>
    <CultureID>87</CultureID>
    <CultureName>Malay - Brunei</CultureName>
    <CultureCode>ms-BN</CultureCode>
    <CultureShortName>Malay</CultureShortName>
    <CultureGUID>b04c5267-e2e1-433b-b91a-1ecb373172e8</CultureGUID>
    <CultureLastModified>2017-03-03T13:19:29.724332+01:00</CultureLastModified>
  </CMS_Culture>
  <CMS_Culture>
    <CultureID>88</CultureID>
    <CultureName>Malay - Malaysia</CultureName>
    <CultureCode>ms-MY</CultureCode>
    <CultureShortName>Malay</CultureShortName>
    <CultureGUID>bc0ef35c-0434-4866-9b70-f56e4f665b28</CultureGUID>
    <CultureLastModified>2017-03-03T13:19:29.7415498+01:00</CultureLastModified>
  </CMS_Culture>
  <CMS_Culture>
    <CultureID>89</CultureID>
    <CultureName>Marathi - India</CultureName>
    <CultureCode>mr-IN</CultureCode>
    <CultureShortName>Marathi</CultureShortName>
    <CultureGUID>96704cc7-b457-467d-aa4e-64c4c1be7fc9</CultureGUID>
    <CultureLastModified>2017-03-03T13:19:29.7072144+01:00</CultureLastModified>
  </CMS_Culture>
  <CMS_Culture>
    <CultureID>90</CultureID>
    <CultureName>Mongolian - Mongolia</CultureName>
    <CultureCode>mn-MN</CultureCode>
    <CultureShortName>Mongolian</CultureShortName>
    <CultureGUID>203899b9-f78b-4192-8aa3-abc45ab3ca87</CultureGUID>
    <CultureLastModified>2017-03-03T13:19:29.6891935+01:00</CultureLastModified>
  </CMS_Culture>
  <CMS_Culture>
    <CultureID>91</CultureID>
    <CultureName>Norwegian (Bokml) - Norway</CultureName>
    <CultureCode>nb-NO</CultureCode>
    <CultureShortName>Norwegian</CultureShortName>
    <CultureGUID>fe10431c-a160-4a56-924f-3d9d48997165</CultureGUID>
    <CultureLastModified>2017-03-03T13:19:29.758084+01:00</CultureLastModified>
  </CMS_Culture>
  <CMS_Culture>
    <CultureID>92</CultureID>
    <CultureName>Norwegian (Nynorsk) - Norway</CultureName>
    <CultureCode>nn-NO</CultureCode>
    <CultureShortName>Norwegian</CultureShortName>
    <CultureGUID>3b5516f0-b484-4923-99cb-0e962694f4c2</CultureGUID>
    <CultureLastModified>2017-03-03T13:19:29.810556+01:00</CultureLastModified>
  </CMS_Culture>
  <CMS_Culture>
    <CultureID>93</CultureID>
    <CultureName>Polish - Poland</CultureName>
    <CultureCode>pl-PL</CultureCode>
    <CultureShortName>Polish</CultureShortName>
    <CultureGUID>048e255c-d410-4dfb-8cbb-4ee6183e2636</CultureGUID>
    <CultureLastModified>2017-03-03T13:19:29.8438328+01:00</CultureLastModified>
  </CMS_Culture>
  <CMS_Culture>
    <CultureID>94</CultureID>
    <CultureName>Portuguese - Brazil</CultureName>
    <CultureCode>pt-BR</CultureCode>
    <CultureShortName>Portuguese</CultureShortName>
    <CultureGUID>d5a93700-8724-4d36-a620-a826c132f0c2</CultureGUID>
    <CultureLastModified>2017-03-03T13:19:29.8613931+01:00</CultureLastModified>
  </CMS_Culture>
  <CMS_Culture>
    <CultureID>95</CultureID>
    <CultureName>Portuguese - Portugal</CultureName>
    <CultureCode>pt-PT</CultureCode>
    <CultureShortName>Portuguese</CultureShortName>
    <CultureGUID>68d3bf14-7db4-4be9-a132-541526c1ed27</CultureGUID>
    <CultureLastModified>2017-03-03T13:19:29.8814368+01:00</CultureLastModified>
  </CMS_Culture>
  <CMS_Culture>
    <CultureID>96</CultureID>
    <CultureName>Punjabi - India</CultureName>
    <CultureCode>pa-IN</CultureCode>
    <CultureShortName>Punjabi</CultureShortName>
    <CultureGUID>b73720cf-da36-41c7-80f7-f00301cf4554</CultureGUID>
    <CultureLastModified>2017-03-03T13:19:29.8274855+01:00</CultureLastModified>
  </CMS_Culture>
  <CMS_Culture>
    <CultureID>97</CultureID>
    <CultureName>Romanian - Romania</CultureName>
    <CultureCode>ro-RO</CultureCode>
    <CultureShortName>Romanian</CultureShortName>
    <CultureGUID>22bd1981-614d-454a-b12f-3c281ee7e057</CultureGUID>
    <CultureLastModified>2017-03-03T13:19:29.899373+01:00</CultureLastModified>
  </CMS_Culture>
  <CMS_Culture>
    <CultureID>98</CultureID>
    <CultureName>Russian - Russia</CultureName>
    <CultureCode>ru-RU</CultureCode>
    <CultureShortName>Russian</CultureShortName>
    <CultureGUID>98a33654-fd0c-439a-be6e-d0acb8a4662d</CultureGUID>
    <CultureLastModified>2017-03-03T13:19:29.9159804+01:00</CultureLastModified>
  </CMS_Culture>
  <CMS_Culture>
    <CultureID>99</CultureID>
    <CultureName>Sanskrit - India</CultureName>
    <CultureCode>sa-IN</CultureCode>
    <CultureShortName>Sanskrit</CultureShortName>
    <CultureGUID>fe8a340f-67cf-4b00-a643-c63285bc7e5b</CultureGUID>
    <CultureLastModified>2017-03-03T13:19:29.9330485+01:00</CultureLastModified>
  </CMS_Culture>
  <CMS_Culture>
    <CultureID>148</CultureID>
    <CultureName>Serbian - Montenegro, Cyrillic</CultureName>
    <CultureCode>sr-Cyrl-ME</CultureCode>
    <CultureShortName>Serbian</CultureShortName>
    <CultureGUID>64b71b09-1542-4c79-8d11-508bac068823</CultureGUID>
    <CultureLastModified>2018-09-24T09:25:28.0496032+02:00</CultureLastModified>
  </CMS_Culture>
  <CMS_Culture>
    <CultureID>150</CultureID>
    <CultureName>Serbian - Montenegro, Latin</CultureName>
    <CultureCode>sr-Latn-ME</CultureCode>
    <CultureShortName>Serbian</CultureShortName>
    <CultureGUID>1ff81ab9-8bc5-438f-b7ec-a76144a085a1</CultureGUID>
    <CultureLastModified>2018-09-24T09:25:28.0964617+02:00</CultureLastModified>
  </CMS_Culture>
  <CMS_Culture>
    <CultureID>149</CultureID>
    <CultureName>Serbian - Serbia, Cyrillic</CultureName>
    <CultureCode>sr-Cyrl-RS</CultureCode>
    <CultureShortName>Serbian</CultureShortName>
    <CultureGUID>7c1196b7-fac0-4f26-8f19-e624f7c18d68</CultureGUID>
    <CultureLastModified>2018-09-24T09:25:28.0652142+02:00</CultureLastModified>
  </CMS_Culture>
  <CMS_Culture>
    <CultureID>139</CultureID>
    <CultureName>Serbian - Serbia, Cyrillic (obsolete)</CultureName>
    <CultureCode>sr-Cyrl-CS</CultureCode>
    <CultureShortName>Serbian</CultureShortName>
    <CultureGUID>8bd67d33-5052-46aa-b583-eb992a18aa87</CultureGUID>
    <CultureLastModified>2018-09-24T09:25:28.0339695+02:00</CultureLastModified>
  </CMS_Culture>
  <CMS_Culture>
    <CultureID>151</CultureID>
    <CultureName>Serbian - Serbia, Latin</CultureName>
    <CultureCode>sr-Latn-RS</CultureCode>
    <CultureShortName>Serbian</CultureShortName>
    <CultureGUID>ba04fb89-de66-482a-8e3d-5caef34c2f11</CultureGUID>
    <CultureLastModified>2018-09-24T09:25:28.0964617+02:00</CultureLastModified>
  </CMS_Culture>
  <CMS_Culture>
    <CultureID>140</CultureID>
    <CultureName>Serbian - Serbia, Latin (obsolete)</CultureName>
    <CultureCode>sr-Latn-CS</CultureCode>
    <CultureShortName>Serbian</CultureShortName>
    <CultureGUID>cf4cc069-eb53-4450-a0c8-ca12875a24df</CultureGUID>
    <CultureLastModified>2018-09-24T09:25:28.0808418+02:00</CultureLastModified>
  </CMS_Culture>
  <CMS_Culture>
    <CultureID>102</CultureID>
    <CultureName>Slovak - Slovakia</CultureName>
    <CultureCode>sk-SK</CultureCode>
    <CultureShortName>Slovak</CultureShortName>
    <CultureGUID>c6425a6b-dbd7-4335-a4f1-9aaa61d4d075</CultureGUID>
    <CultureLastModified>2017-03-03T13:19:29.950825+01:00</CultureLastModified>
  </CMS_Culture>
  <CMS_Culture>
    <CultureID>103</CultureID>
    <CultureName>Slovenian - Slovenia</CultureName>
    <CultureCode>sl-SI</CultureCode>
    <CultureShortName>Slovenian</CultureShortName>
    <CultureGUID>a926abdf-be73-488c-b934-827377e8b940</CultureGUID>
    <CultureLastModified>2017-03-03T13:19:29.9682052+01:00</CultureLastModified>
  </CMS_Culture>
  <CMS_Culture>
    <CultureID>104</CultureID>
    <CultureName>Spanish - Argentina</CultureName>
    <CultureCode>es-AR</CultureCode>
    <CultureShortName>Spanish</CultureShortName>
    <CultureGUID>61686e2a-f5e5-44f2-98d1-a4ef8aabd43f</CultureGUID>
    <CultureLastModified>2017-03-03T13:19:28.7240535+01:00</CultureLastModified>
  </CMS_Culture>
  <CMS_Culture>
    <CultureID>105</CultureID>
    <CultureName>Spanish - Bolivia</CultureName>
    <CultureCode>es-BO</CultureCode>
    <CultureShortName>Spanish</CultureShortName>
    <CultureGUID>e3d763f3-cb9f-43d8-9ddf-a18e7f1f9b4c</CultureGUID>
    <CultureLastModified>2017-03-03T13:19:28.7430504+01:00</CultureLastModified>
  </CMS_Culture>
  <CMS_Culture>
    <CultureID>106</CultureID>
    <CultureName>Spanish - Chile</CultureName>
    <CultureCode>es-CL</CultureCode>
    <CultureShortName>Spanish</CultureShortName>
    <CultureGUID>d9ede6ee-1c7a-4813-8b8d-29a532c3ca33</CultureGUID>
    <CultureLastModified>2017-03-03T13:19:28.759933+01:00</CultureLastModified>
  </CMS_Culture>
  <CMS_Culture>
    <CultureID>107</CultureID>
    <CultureName>Spanish - Colombia</CultureName>
    <CultureCode>es-CO</CultureCode>
    <CultureShortName>Spanish</CultureShortName>
    <CultureGUID>36779984-12fd-46b0-8bd2-fa7f58635775</CultureGUID>
    <CultureLastModified>2017-03-03T13:19:28.7764039+01:00</CultureLastModified>
  </CMS_Culture>
  <CMS_Culture>
    <CultureID>108</CultureID>
    <CultureName>Spanish - Costa Rica</CultureName>
    <CultureCode>es-CR</CultureCode>
    <CultureShortName>Spanish</CultureShortName>
    <CultureGUID>35a670c2-00d5-455b-8446-cccfe665dbb5</CultureGUID>
    <CultureLastModified>2017-03-03T13:19:28.7967636+01:00</CultureLastModified>
  </CMS_Culture>
  <CMS_Culture>
    <CultureID>109</CultureID>
    <CultureName>Spanish - Dominican Republic</CultureName>
    <CultureCode>es-DO</CultureCode>
    <CultureShortName>Spanish</CultureShortName>
    <CultureGUID>43c44a82-f6e5-4843-b080-e38b1ac70b52</CultureGUID>
    <CultureLastModified>2017-03-03T13:19:28.8162456+01:00</CultureLastModified>
  </CMS_Culture>
  <CMS_Culture>
    <CultureID>110</CultureID>
    <CultureName>Spanish - Ecuador</CultureName>
    <CultureCode>es-EC</CultureCode>
    <CultureShortName>Spanish</CultureShortName>
    <CultureGUID>533598a2-74b5-49ab-b0b7-e740798c486d</CultureGUID>
    <CultureLastModified>2017-03-03T13:19:28.8366352+01:00</CultureLastModified>
  </CMS_Culture>
  <CMS_Culture>
    <CultureID>111</CultureID>
    <CultureName>Spanish - El Salvador</CultureName>
    <CultureCode>es-SV</CultureCode>
    <CultureShortName>Spanish</CultureShortName>
    <CultureGUID>93b03a28-4b6a-4180-b9fb-752311589e11</CultureGUID>
    <CultureLastModified>2017-03-03T13:19:29.0295714+01:00</CultureLastModified>
  </CMS_Culture>
  <CMS_Culture>
    <CultureID>112</CultureID>
    <CultureName>Spanish - Guatemala</CultureName>
    <CultureCode>es-GT</CultureCode>
    <CultureShortName>Spanish</CultureShortName>
    <CultureGUID>173ab871-81cd-4331-83fc-fd29fccc1189</CultureGUID>
    <CultureLastModified>2017-03-03T13:19:28.8739773+01:00</CultureLastModified>
  </CMS_Culture>
  <CMS_Culture>
    <CultureID>113</CultureID>
    <CultureName>Spanish - Honduras</CultureName>
    <CultureCode>es-HN</CultureCode>
    <CultureShortName>Spanish</CultureShortName>
    <CultureGUID>06a17e90-b79a-497e-9718-d71ead803baf</CultureGUID>
    <CultureLastModified>2017-03-03T13:19:28.8920111+01:00</CultureLastModified>
  </CMS_Culture>
  <CMS_Culture>
    <CultureID>114</CultureID>
    <CultureName>Spanish - Mexico</CultureName>
    <CultureCode>es-MX</CultureCode>
    <CultureShortName>Spanish</CultureShortName>
    <CultureGUID>6ab84b76-24ec-49a2-a512-4d7f65239b85</CultureGUID>
    <CultureLastModified>2017-03-03T13:19:28.9120098+01:00</CultureLastModified>
  </CMS_Culture>
  <CMS_Culture>
    <CultureID>115</CultureID>
    <CultureName>Spanish - Nicaragua</CultureName>
    <CultureCode>es-NI</CultureCode>
    <CultureShortName>Spanish</CultureShortName>
    <CultureGUID>19e16b52-8f56-4b95-97bf-b5a5ff438735</CultureGUID>
    <CultureLastModified>2017-03-03T13:19:28.9330229+01:00</CultureLastModified>
  </CMS_Culture>
  <CMS_Culture>
    <CultureID>116</CultureID>
    <CultureName>Spanish - Panama</CultureName>
    <CultureCode>es-PA</CultureCode>
    <CultureShortName>Spanish</CultureShortName>
    <CultureGUID>3b0bd4a7-dc2b-4647-bf11-3adbb85a0171</CultureGUID>
    <CultureLastModified>2017-03-03T13:19:28.9512404+01:00</CultureLastModified>
  </CMS_Culture>
  <CMS_Culture>
    <CultureID>117</CultureID>
    <CultureName>Spanish - Paraguay</CultureName>
    <CultureCode>es-PY</CultureCode>
    <CultureShortName>Spanish</CultureShortName>
    <CultureGUID>6acd6835-d517-444a-babf-8d7f324d1fbb</CultureGUID>
    <CultureLastModified>2017-03-03T13:19:29.013339+01:00</CultureLastModified>
  </CMS_Culture>
  <CMS_Culture>
    <CultureID>118</CultureID>
    <CultureName>Spanish - Peru</CultureName>
    <CultureCode>es-PE</CultureCode>
    <CultureShortName>Spanish</CultureShortName>
    <CultureGUID>e052f147-df5b-4b24-ab58-b1f7c24c445c</CultureGUID>
    <CultureLastModified>2017-03-03T13:19:28.9696289+01:00</CultureLastModified>
  </CMS_Culture>
  <CMS_Culture>
    <CultureID>119</CultureID>
    <CultureName>Spanish - Puerto Rico</CultureName>
    <CultureCode>es-PR</CultureCode>
    <CultureShortName>Spanish</CultureShortName>
    <CultureGUID>94721b2b-9bdd-4fa8-89ea-fe137c931ce6</CultureGUID>
    <CultureLastModified>2017-03-03T13:19:28.9901696+01:00</CultureLastModified>
  </CMS_Culture>
  <CMS_Culture>
    <CultureID>120</CultureID>
    <CultureName>Spanish - Spain</CultureName>
    <CultureCode>es-ES</CultureCode>
    <CultureShortName>Spanish</CultureShortName>
    <CultureGUID>61218e2e-2dc3-4a1c-9ac3-e40fb672e2f2</CultureGUID>
    <CultureLastModified>2017-03-03T13:19:28.8568487+01:00</CultureLastModified>
  </CMS_Culture>
  <CMS_Culture>
    <CultureID>121</CultureID>
    <CultureName>Spanish - Uruguay</CultureName>
    <CultureCode>es-UY</CultureCode>
    <CultureShortName>Spanish</CultureShortName>
    <CultureGUID>4f185962-07e5-434d-8f87-16b0fea97d40</CultureGUID>
    <CultureLastModified>2017-03-03T13:19:29.0479847+01:00</CultureLastModified>
  </CMS_Culture>
  <CMS_Culture>
    <CultureID>122</CultureID>
    <CultureName>Spanish - Venezuela</CultureName>
    <CultureCode>es-VE</CultureCode>
    <CultureShortName>Spanish</CultureShortName>
    <CultureGUID>e22f080e-1326-493c-9488-9e0b47f154c1</CultureGUID>
    <CultureLastModified>2017-03-03T13:19:29.0661466+01:00</CultureLastModified>
  </CMS_Culture>
  <CMS_Culture>
    <CultureID>123</CultureID>
    <CultureName>Swahili - Kenya</CultureName>
    <CultureCode>sw-KE</CultureCode>
    <CultureShortName>Swahili</CultureShortName>
    <CultureGUID>62a990f3-03ba-4a16-ab44-88fb6af0e963</CultureGUID>
    <CultureLastModified>2017-03-03T13:19:30.0783417+01:00</CultureLastModified>
  </CMS_Culture>
  <CMS_Culture>
    <CultureID>124</CultureID>
    <CultureName>Swedish - Finland</CultureName>
    <CultureCode>sv-FI</CultureCode>
    <CultureShortName>Swedish</CultureShortName>
    <CultureGUID>e2f5338a-b9fa-49db-8489-38ef37feff64</CultureGUID>
    <CultureLastModified>2017-03-03T13:19:30.0400206+01:00</CultureLastModified>
  </CMS_Culture>
  <CMS_Culture>
    <CultureID>125</CultureID>
    <CultureName>Swedish - Sweden</CultureName>
    <CultureCode>sv-SE</CultureCode>
    <CultureShortName>Swedish</CultureShortName>
    <CultureGUID>f4516b43-525e-488d-b38a-f6a7a0ec572e</CultureGUID>
    <CultureLastModified>2017-03-03T13:19:30.0567314+01:00</CultureLastModified>
  </CMS_Culture>
  <CMS_Culture>
    <CultureID>126</CultureID>
    <CultureName>Syriac - Syria</CultureName>
    <CultureCode>syr-SY</CultureCode>
    <CultureShortName>Syriac</CultureShortName>
    <CultureGUID>10b4cee2-984a-4ac4-87d3-6723586fbac4</CultureGUID>
    <CultureLastModified>2017-03-03T13:19:30.1005603+01:00</CultureLastModified>
  </CMS_Culture>
  <CMS_Culture>
    <CultureID>127</CultureID>
    <CultureName>Tamil - India</CultureName>
    <CultureCode>ta-IN</CultureCode>
    <CultureShortName>Tamil</CultureShortName>
    <CultureGUID>565fc347-d1a0-44c2-a87c-f8a7511c1f88</CultureGUID>
    <CultureLastModified>2017-03-03T13:19:30.117941+01:00</CultureLastModified>
  </CMS_Culture>
  <CMS_Culture>
    <CultureID>128</CultureID>
    <CultureName>Tatar - Russia</CultureName>
    <CultureCode>tt-RU</CultureCode>
    <CultureShortName>Tatar</CultureShortName>
    <CultureGUID>98a4a53b-9039-4722-968d-b15669384d2b</CultureGUID>
    <CultureLastModified>2017-03-03T13:19:30.20291+01:00</CultureLastModified>
  </CMS_Culture>
  <CMS_Culture>
    <CultureID>129</CultureID>
    <CultureName>Telugu - India</CultureName>
    <CultureCode>te-IN</CultureCode>
    <CultureShortName>Telugu</CultureShortName>
    <CultureGUID>dd2270ff-1c7e-4012-860a-d1a6e2a5b7bf</CultureGUID>
    <CultureLastModified>2017-03-03T13:19:30.1374597+01:00</CultureLastModified>
  </CMS_Culture>
  <CMS_Culture>
    <CultureID>130</CultureID>
    <CultureName>Thai - Thailand</CultureName>
    <CultureCode>th-TH</CultureCode>
    <CultureShortName>Thai</CultureShortName>
    <CultureGUID>9f9c3ef8-f075-4b6b-a475-a6a5b2d0e4b8</CultureGUID>
    <CultureLastModified>2017-03-03T13:19:30.1558454+01:00</CultureLastModified>
  </CMS_Culture>
  <CMS_Culture>
    <CultureID>131</CultureID>
    <CultureName>Turkish - Turkey</CultureName>
    <CultureCode>tr-TR</CultureCode>
    <CultureShortName>Turkish</CultureShortName>
    <CultureGUID>286d64ac-a83c-4b28-ad61-f6c48a4f62bc</CultureGUID>
    <CultureLastModified>2017-03-03T13:19:30.1825898+01:00</CultureLastModified>
  </CMS_Culture>
  <CMS_Culture>
    <CultureID>132</CultureID>
    <CultureName>Ukrainian - Ukraine</CultureName>
    <CultureCode>uk-UA</CultureCode>
    <CultureShortName>Ukrainian</CultureShortName>
    <CultureGUID>9853126f-5f1f-4d09-9c95-58eaf609660b</CultureGUID>
    <CultureLastModified>2017-03-03T13:19:30.2203157+01:00</CultureLastModified>
  </CMS_Culture>
  <CMS_Culture>
    <CultureID>133</CultureID>
    <CultureName>Urdu - Pakistan</CultureName>
    <CultureCode>ur-PK</CultureCode>
    <CultureShortName>Urdu</CultureShortName>
    <CultureGUID>1ddf4567-ae8c-4fcc-8600-cfb17a9d5ebb</CultureGUID>
    <CultureLastModified>2017-03-03T13:19:30.2405497+01:00</CultureLastModified>
  </CMS_Culture>
  <CMS_Culture>
    <CultureID>141</CultureID>
    <CultureName>Uzbek - Uzbekistan, Cyrillic</CultureName>
    <CultureCode>uz-Cyrl-UZ</CultureCode>
    <CultureShortName>Uzbek</CultureShortName>
    <CultureGUID>b101a91e-e698-4707-a6bd-3656e7f897de</CultureGUID>
    <CultureLastModified>2017-03-03T13:19:30.2583779+01:00</CultureLastModified>
  </CMS_Culture>
  <CMS_Culture>
    <CultureID>142</CultureID>
    <CultureName>Uzbek - Uzbekistan, Latin</CultureName>
    <CultureCode>uz-Latn-UZ</CultureCode>
    <CultureShortName>Uzbek</CultureShortName>
    <CultureGUID>97bd4d29-40fc-49ed-a46e-a0018f7b4e56</CultureGUID>
    <CultureLastModified>2017-03-03T13:19:30.2801635+01:00</CultureLastModified>
  </CMS_Culture>
  <CMS_Culture>
    <CultureID>147</CultureID>
    <CultureName>Vietnamese - Vietnam</CultureName>
    <CultureCode>vi-VN</CultureCode>
    <CultureShortName>Vietnamese</CultureShortName>
    <CultureGUID>843e1fbb-c7f4-4a7b-8893-d61bc2c520a0</CultureGUID>
    <CultureLastModified>2017-03-03T13:19:30.2955324+01:00</CultureLastModified>
  </CMS_Culture>
</NewDataSet>